{
	"class_name" : "PinholeCameraParameters",
	"extrinsic" : 
	[
		-0.043850619053904305,
		-0.41761681210999779,
		0.90756449988508925,
		0.0,
		-0.99881059527725102,
		0.037712245626533053,
		-0.030906007372473936,
		0.0,
		-0.021319427067647456,
		-0.9078402859384942,
		-0.41877380201801134,
		0.0,
		0.91318149008725014,
		3.847946186249791,
		0.94487248391122114,
		1.0
	],
	"intrinsic" : 
	{
		"height" : 540,
		"intrinsic_matrix" : 
		[
			467.65371804359688,
			0.0,
			0.0,
			0.0,
			467.65371804359688,
			0.0,
			539.5,
			269.5,
			1.0
		],
		"width" : 1080
	},
	"version_major" : 1,
	"version_minor" : 0
}